SurvivalRate,TrustCoef
0.9,0.1
0.42,0.1
0.9,0.1
0.774,0.1
0.774,0.1
0.42,0.1
0.49230734400000004,0.1
0.49230734400000004,0.1
0.49230734400000004,0.1
0.49230734400000004,0.1
0.49230734400000004,0.1
0.42,0.1
0.9,0.1
0.49230734400000004,0.1
0.9,0.1
0.42,0.1
0.42,0.1
0.9,0.1
0.42,0.1
0.42,0.1
0.49230734400000004,0.1
0.9,0.1
0.9,0.1
0.49230734400000004,0.1
0.9,0.1
0.42,0.1
0.774,0.1
0.49230734400000004,0.1
0.9,0.1
0.42,0.1
0.774,0.1
0.49230734400000004,0.1
0.49230734400000004,0.1
0.49230734400000004,0.1
0.42,0.1
0.49230734400000004,0.1
0.9,0.1
0.9,0.1
0.49230734400000004,0.1
0.42,0.1
0.66564,0.1
0.42,0.1
0.774,0.1
0.774,0.1
0.9,0.1
0.9,0.1
0.42,0.1
0.42,0.1
0.42,0.1
0.9,0.1
0.66564,0.1
0.774,0.1
0.9,0.1
0.9,0.1
0.9,0.1
0.774,0.1
0.42,0.1
0.9,0.1
0.42,0.1
0.9,0.1
0.774,0.1
0.9,0.1
0.66564,0.1
0.774,0.1
0.9,0.1
0.774,0.1
0.66564,0.1
0.66564,0.1
0.66564,0.1
0.774,0.1
0.9,0.1
0.9,0.1
0.49230734400000004,0.1
0.9,0.1
0.49230734400000004,0.1
0.42,0.1
0.774,0.1
0.9,0.1
0.9,0.1
0.774,0.1
0.774,0.1
0.49230734400000004,0.1
0.9,0.1
0.49230734400000004,0.1
0.49230734400000004,0.1
0.774,0.1
0.49230734400000004,0.1
0.9,0.1
0.9,0.1
0.9,0.1
0.42,0.1
0.42,0.1
0.49230734400000004,0.1
0.49230734400000004,0.1
0.42,0.1
0.42,0.1
0.42,0.1
0.42,0.1
0.6727401599999999,0.1
0.42,0.1
0.42,0.1
0.49230734400000004,0.1
0.49230734400000004,0.1
0.9,0.1
0.49230734400000004,0.1
0.42,0.1
0.49230734400000004,0.1
0.9,0.1
0.49230734400000004,0.1
0.9,0.1
0.774,0.1
0.9,0.1
0.42,0.1
0.42,0.1
0.774,0.1
0.774,0.1
0.6727401599999999,0.1
0.6727401599999999,0.1
0.774,0.1
0.774,0.1
0.774,0.1
0.774,0.1
0.42,0.1
0.774,0.1
0.6727401599999999,0.1
0.42,0.1
0.774,0.1
0.774,0.1
0.42,0.1
0.49230734400000004,0.1
0.49230734400000004,0.1
0.42,0.1
0.49230734400000004,0.1
0.9,0.1
0.774,0.1
0.49230734400000004,0.1
0.9,0.1
0.9,0.1
0.9,0.1
0.9,0.1
0.774,0.1
0.9,0.1
0.42,0.1
0.49230734400000004,0.1
0.49230734400000004,0.1
0.49230734400000004,0.1
0.49230734400000004,0.1
0.42,0.1
0.49230734400000004,0.1
0.66564,0.1
0.9,0.1
0.774,0.1
0.9,0.1
0.49230734400000004,0.1
0.774,0.1
0.774,0.1
0.49230734400000004,0.1
0.9,0.1
0.774,0.1
0.9,0.1
0.9,0.1
0.66564,0.1
0.6727401599999999,0.1
0.9,0.1
0.9,0.1
0.66564,0.1
0.9,0.1
0.9,0.1
0.6727401599999999,0.1
0.9,0.1
0.49230734400000004,0.1
0.774,0.1
0.49230734400000004,0.1
0.49230734400000004,0.1
0.66564,0.1
0.42,0.1
0.774,0.1
0.66564,0.1
0.9,0.1
0.66564,0.1
0.49230734400000004,0.1
0.49230734400000004,0.1
0.774,0.1
0.9,0.1
0.42,0.1
0.9,0.1
0.9,0.1
0.49230734400000004,0.1
0.9,0.1
0.9,0.1
0.9,0.1
0.9,0.1
0.774,0.1
0.9,0.1
0.774,0.1
0.774,0.1
0.49230734400000004,0.1
0.774,0.1
0.9,0.1
0.9,0.1
0.9,0.1
0.9,0.1
0.774,0.1
0.9,0.1
0.9,0.1
0.9,0.1
0.9,0.1
0.42,0.1
0.49230734400000004,0.1
0.774,0.1
0.42,0.1
0.9,0.1
0.66564,0.1
0.49230734400000004,0.1
0.774,0.1
0.49230734400000004,0.1
0.774,0.1
0.9,0.1
0.9,0.1
0.42,0.1
0.774,0.1
0.66564,0.1
0.49230734400000004,0.1
0.49230734400000004,0.1
0.9,0.1
0.66564,0.1
0.49230734400000004,0.1
0.66564,0.1
0.66564,0.1
0.42,0.1
0.774,0.1
0.774,0.1
0.774,0.1
0.774,0.1
0.66564,0.1
0.9,0.1
0.6727401599999999,0.1
0.49230734400000004,0.1
0.6727401599999999,0.1
0.9,0.1
0.9,0.1
0.9,0.1
0.6727401599999999,0.1
0.42,0.1
0.774,0.1
0.9,0.1
0.774,0.1
0.774,0.1
0.774,0.1
0.9,0.1
0.9,0.1
0.774,0.1
0.9,0.1
0.9,0.1
0.774,0.1
0.9,0.1
0.42,0.1
0.774,0.1
0.66564,0.1
0.66564,0.1
0.66564,0.1
0.9,0.1
0.774,0.1
0.66564,0.1
0.774,0.1
0.774,0.1
0.774,0.1
0.774,0.1
0.9,0.1
0.9,0.1
0.774,0.1
0.774,0.1
0.9,0.1
0.774,0.1
0.774,0.1
0.66564,0.1
0.9,0.1
0.66564,0.1
0.774,0.1
0.49230734400000004,0.1
0.42,0.1
0.49230734400000004,0.1
0.49230734400000004,0.1
0.42,0.1
0.49230734400000004,0.1
0.9,0.1
0.9,0.1
0.9,0.1
0.42,0.1
0.49230734400000004,0.1
0.49230734400000004,0.1
0.774,0.1
0.66564,0.1
0.774,0.1
0.42,0.1
0.9,0.1
0.42,0.1
0.49230734400000004,0.1
0.42,0.1
0.42,0.1
0.42,0.1
0.42,0.1
0.49230734400000004,0.1
0.42,0.1
0.42,0.1
0.49230734400000004,0.1
0.42,0.1
0.49230734400000004,0.1
0.9,0.1
0.9,0.1
0.42,0.1
0.774,0.1
0.9,0.1
0.42,0.1
0.49230734400000004,0.1
0.42,0.1
0.49230734400000004,0.1
0.49230734400000004,0.1
0.49230734400000004,0.1
0.9,0.1
0.774,0.1
0.49230734400000004,0.1
0.9,0.1
0.9,0.1
0.6727401599999999,0.1
0.774,0.1
0.9,0.1
0.774,0.1
0.42,0.1
0.42,0.1
0.9,0.1
0.9,0.1
0.42,0.1
0.9,0.1
0.49230734400000004,0.1
0.49230734400000004,0.1
0.49230734400000004,0.1
0.9,0.1
0.49230734400000004,0.1
0.9,0.1
0.774,0.1
0.9,0.1
0.9,0.1
0.774,0.1
0.42,0.1
0.49230734400000004,0.1
0.42,0.1
0.49230734400000004,0.1
0.49230734400000004,0.1
0.42,0.1
0.49230734400000004,0.1
0.42,0.1
0.49230734400000004,0.1
0.49230734400000004,0.1
0.42,0.1
0.9,0.1
0.9,0.1
0.774,0.1
0.774,0.1
0.9,0.1
0.42,0.1
0.9,0.1
0.9,0.1
0.774,0.1
0.49230734400000004,0.1
0.66564,0.1
0.49230734400000004,0.1
0.774,0.1
0.9,0.1
0.66564,0.1
0.66564,0.1
0.42,0.1
0.774,0.1
0.49230734400000004,0.1
0.42,0.1
0.9,0.1
0.9,0.1
0.42,0.1
0.49230734400000004,0.1
0.49230734400000004,0.1
0.49230734400000004,0.1
0.42,0.1
0.42,0.1
0.9,0.1
0.42,0.1
0.9,0.1
0.6727401599999999,0.1
0.66564,0.1
0.6727401599999999,0.1
0.66564,0.1
0.774,0.1
0.6727401599999999,0.1
0.9,0.1
0.6727401599999999,0.1
0.9,0.1
0.9,0.1
0.49230734400000004,0.1
0.9,0.1
0.9,0.1
0.9,0.1
0.49230734400000004,0.1
0.42,0.1
0.49230734400000004,0.1
0.42,0.1
0.774,0.1
0.9,0.1
0.9,0.1
0.9,0.1
0.774,0.1
0.774,0.1
0.774,0.1
0.774,0.1
0.9,0.1
0.9,0.1
0.774,0.1
0.9,0.1
0.49230734400000004,0.1
0.9,0.1
0.42,0.1
0.42,0.1
0.49230734400000004,0.1
0.49230734400000004,0.1
0.42,0.1
0.49230734400000004,0.1
0.66564,0.1
0.42,0.1
0.774,0.1
0.49230734400000004,0.1
0.9,0.1
0.49230734400000004,0.1
0.49230734400000004,0.1
0.774,0.1
0.9,0.1
0.774,0.1
0.774,0.1
0.774,0.1
0.9,0.1
0.774,0.1
0.9,0.1
0.9,0.1
0.66564,0.1
0.6727401599999999,0.1
0.774,0.1
0.42,0.1
0.9,0.1
0.49230734400000004,0.1
0.774,0.1
0.9,0.1
0.49230734400000004,0.1
0.9,0.1
0.774,0.1
0.9,0.1
0.9,0.1
0.49230734400000004,0.1
0.66564,0.1
0.66564,0.1
0.66564,0.1
0.774,0.1
0.774,0.1
0.42,0.1
0.9,0.1
0.9,0.1
0.9,0.1
0.774,0.1
0.49230734400000004,0.1
0.9,0.1
0.6727401599999999,0.1
0.774,0.1
0.9,0.1
0.66564,0.1
0.66564,0.1
0.774,0.1
0.774,0.1
0.49230734400000004,0.1
0.9,0.1
0.774,0.1
0.774,0.1
0.6727401599999999,0.1
0.774,0.1
0.774,0.1
0.9,0.1
0.49230734400000004,0.1
0.42,0.1
0.9,0.1
0.774,0.1
0.9,0.1
0.9,0.1
0.9,0.1
0.9,0.1
0.42,0.1
0.49230734400000004,0.1
0.42,0.1
0.66564,0.1
0.9,0.1
0.9,0.1
0.66564,0.1
0.774,0.1
0.774,0.1
0.66564,0.1
0.774,0.1
0.9,0.1
0.66564,0.1
0.774,0.1
0.774,0.1
0.9,0.1
0.9,0.1
0.9,0.1
0.9,0.1
0.9,0.1
0.9,0.1
0.9,0.1
0.774,0.1
0.774,0.1
0.774,0.1
0.9,0.1
0.774,0.1
0.6727401599999999,0.1
0.49230734400000004,0.1
0.9,0.1
0.9,0.1
0.774,0.1
0.774,0.1
0.774,0.1
0.774,0.1
0.774,0.1
0.9,0.1
0.774,0.1
0.49230734400000004,0.1
0.9,0.1
0.9,0.1
0.66564,0.1
0.9,0.1
0.6727401599999999,0.1
0.66564,0.1
0.774,0.1
0.66564,0.1
0.9,0.1
0.9,0.1
0.42,0.1
0.774,0.1
0.9,0.1
0.774,0.1
0.774,0.1
0.9,0.1
0.66564,0.1
0.66564,0.1
0.774,0.1
0.774,0.1
0.49230734400000004,0.1
0.774,0.1
0.9,0.1
0.42,0.1
0.774,0.1
0.9,0.1
0.9,0.1
0.774,0.1
0.774,0.1
0.42,0.1
0.774,0.1
0.774,0.1
0.774,0.1
0.774,0.1
0.774,0.1
0.9,0.1
0.66564,0.1
0.66564,0.1
0.9,0.1
0.9,0.1
0.9,0.1
0.6727401599999999,0.1
0.42,0.1
0.774,0.1
0.9,0.1
0.6727401599999999,0.1
0.774,0.1
0.6727401599999999,0.1
0.9,0.1
0.9,0.1
0.9,0.1
0.774,0.1
0.9,0.1
0.774,0.1
0.774,0.1
0.42,0.1
0.9,0.1
0.774,0.1
0.9,0.1
0.42,0.1
0.774,0.1
0.774,0.1
0.774,0.1
0.9,0.1
0.9,0.1
0.774,0.1
0.42,0.1
0.6727401599999999,0.1
0.774,0.1
0.774,0.1
0.774,0.1
0.774,0.1
0.774,0.1
0.66564,0.1
0.66564,0.1
0.66564,0.1
0.9,0.1
0.774,0.1
0.66564,0.1
0.42,0.1
0.774,0.1
0.9,0.1
0.66564,0.1
0.49230734400000004,0.1
0.66564,0.1
0.66564,0.1
0.774,0.1
0.6727401599999999,0.1
0.774,0.1
0.774,0.1
0.774,0.1
0.774,0.1
0.774,0.1
0.9,0.1
0.66564,0.1
0.774,0.1
0.9,0.1
0.774,0.1
0.6727401599999999,0.1
0.6727401599999999,0.1
0.774,0.1
0.66564,0.1
0.66564,0.1
0.9,0.1
0.774,0.1
0.66564,0.1
0.66564,0.1
0.66564,0.1
0.774,0.1
0.774,0.1
0.66564,0.1
0.49230734400000004,0.1
0.6727401599999999,0.1
0.774,0.1
0.66564,0.1
0.774,0.1
0.6727401599999999,0.1
0.6727401599999999,0.1
0.66564,0.1
0.6727401599999999,0.1
0.774,0.1
0.6727401599999999,0.1
0.6727401599999999,0.1
0.774,0.1
0.6727401599999999,0.1
0.66564,0.1
0.774,0.1
0.774,0.1
0.6727401599999999,0.1
0.774,0.1
0.66564,0.1
0.66564,0.1
0.774,0.1
0.6727401599999999,0.1
0.9,0.1
0.66564,0.1
0.774,0.1
0.66564,0.1
0.9,0.1
0.774,0.1
0.9,0.1
0.66564,0.1
0.9,0.1
0.66564,0.1
0.774,0.1
0.66564,0.1
0.774,0.1
0.9,0.1
0.774,0.1
0.66564,0.1
0.6727401599999999,0.1
0.66564,0.1
0.774,0.1
0.6727401599999999,0.1
0.66564,0.1
0.66564,0.1
0.42,0.1
0.66564,0.1
0.774,0.1
0.6727401599999999,0.1
0.6727401599999999,0.1
0.774,0.1
0.9,0.1
0.66564,0.1
0.66564,0.1
0.66564,0.1
0.66564,0.1
0.66564,0.1
0.774,0.1
0.66564,0.1
0.66564,0.1
0.6727401599999999,0.1
0.66564,0.1
0.66564,0.1
0.774,0.1
0.6727401599999999,0.1
0.66564,0.1
0.66564,0.1
0.6727401599999999,0.1
0.774,0.1
0.774,0.1
0.774,0.1
0.66564,0.1
0.6727401599999999,0.1
0.66564,0.1
0.66564,0.1
0.6727401599999999,0.1
0.66564,0.1
0.6727401599999999,0.1
0.66564,0.1
0.66564,0.1
0.66564,0.1
0.774,0.1
0.774,0.1
0.774,0.1
0.774,0.1
0.774,0.1
0.774,0.1
0.774,0.1
0.774,0.1
0.66564,0.1
0.66564,0.1
0.66564,0.1
0.66564,0.1
0.66564,0.1
0.66564,0.1
0.6727401599999999,0.1
0.6727401599999999,0.1
0.66564,0.1
0.774,0.1
0.6727401599999999,0.1
0.774,0.1
0.774,0.1
0.42,0.1
0.66564,0.1
0.9,0.1
0.6727401599999999,0.1
0.42,0.1
0.49230734400000004,0.1
0.66564,0.1
0.66564,0.1
0.66564,0.1
0.66564,0.1
0.66564,0.1
0.66564,0.1
0.774,0.1
0.66564,0.1
0.9,0.1
0.66564,0.1
0.66564,0.1
0.6727401599999999,0.1
0.66564,0.1
0.6727401599999999,0.1
0.6727401599999999,0.1
0.66564,0.1
0.774,0.1
0.774,0.1
0.6727401599999999,0.1
0.6727401599999999,0.1
0.66564,0.1
0.66564,0.1
0.66564,0.1
0.66564,0.1
0.66564,0.1
0.6727401599999999,0.1
0.6727401599999999,0.1
0.6727401599999999,0.1
0.66564,0.1
0.6727401599999999,0.1
0.66564,0.1
0.66564,0.1
0.6727401599999999,0.1
0.66564,0.1
0.66564,0.1
0.66564,0.1
0.6727401599999999,0.1
0.66564,0.1
0.66564,0.1
0.66564,0.1
0.9,0.1
0.42,0.1
0.66564,0.1
0.66564,0.1
0.66564,0.1
0.66564,0.1
0.66564,0.1
0.6727401599999999,0.1
0.66564,0.1
0.6727401599999999,0.1
0.66564,0.1
0.6727401599999999,0.1
0.774,0.1
0.66564,0.1
0.6727401599999999,0.1
