NodeID,SurvivalRate,TrustCoef
1,0.42338431584,0.1
2,0.9,0.1
3,0.774,0.1
4,0.9,0.1
5,0.9,0.1
6,0.774,0.1
7,0.49230734400000004,0.1
8,0.6727401599999999,0.1
9,0.774,0.1
10,0.774,0.1
11,0.9096,0.1
12,0.66564,0.1
13,0.42,0.1
14,0.710016,0.1
15,0.66564,0.1
16,0.774,0.1
17,0.4975586223359999,0.1
18,0.774,0.1
19,0.66564,0.1
20,0.774,0.1
21,0.5724504,0.1
22,0.66564,0.1
23,0.66564,0.1
24,0.782256,0.1
25,0.66564,0.1
26,0.5724504,0.1
27,0.9,0.1
28,0.66564,0.1
29,0.42,0.1
30,0.9,0.1
31,0.66564,0.1
32,0.5785565375999999,0.1
33,0.66564,0.1
34,0.774,0.1
35,0.96,0.1
36,0.66564,0.1
37,0.96,0.1
38,0.49230734400000004,0.1
39,0.9,0.1
40,0.9,0.1
41,0.9,0.1
42,0.774,0.1
43,0.66564,0.1
44,0.774,0.1
45,0.774,0.1
46,0.8289024,0.1
47,0.6727401599999999,0.1
48,0.49230734400000004,0.1
49,0.774,0.1
50,0.782256,0.1
51,0.774,0.1
52,0.8256,0.1
53,0.49230734400000004,0.1
54,0.782256,0.1
55,0.5251278336,0.1
56,0.782256,0.1
57,0.774,0.1
58,0.66564,0.1
59,0.710016,0.1
60,0.66564,0.1
61,0.9096,0.1
62,0.774,0.1
63,0.774,0.1
64,0.8256,0.1
65,0.9,0.1
66,0.9,0.1
67,0.774,0.1
68,0.66564,0.1
69,0.5272283449344,0.1
70,0.5724504,0.1
71,0.9,0.1
72,0.5724504,0.1
73,0.774,0.1
74,0.49230734400000004,0.1
75,0.4975586223359999,0.1
76,0.8256,0.1
77,0.5251278336,0.1
78,0.6727401599999999,0.1
79,0.782256,0.1
80,0.49230734400000004,0.1
81,0.66564,0.1
82,0.5724504,0.1
83,0.9,0.1
84,0.774,0.1
85,0.8256,0.1
86,0.774,0.1
87,0.9,0.1
88,0.49230734400000004,0.1
89,0.6727401599999999,0.1
90,0.66564,0.1
91,0.6727401599999999,0.1
92,0.786073046016,0.1
93,0.4279004152089599,0.1
94,0.49230734400000004,0.1
95,0.49230734400000004,0.1
96,0.5724504,0.1
97,0.9096,0.1
98,0.5724504,0.1
99,0.9096,0.1
100,0.49230734400000004,0.1
101,0.774,0.1
102,0.5724504,0.1
103,0.774,0.1
104,0.774,0.1
105,0.66564,0.1
106,0.6880055039999999,0.1
107,0.774,0.1
108,0.774,0.1
109,0.782256,0.1
110,0.774,0.1
111,0.9,0.1
112,0.774,0.1
113,0.4975586223359999,0.1
114,0.782256,0.1
115,0.66564,0.1
116,0.968001024,0.1
117,0.774,0.1
118,0.4975586223359999,0.1
119,0.5724504,0.1
120,0.9,0.1
121,0.66564,0.1
122,0.774,0.1
123,0.774,0.1
124,0.8256,0.1
125,0.5724504,0.1
126,0.9,0.1
127,0.66564,0.1
128,0.66564,0.1
129,0.61061376,0.1
130,0.5724504,0.1
131,0.774,0.1
132,0.5724504,0.1
133,0.774,0.1
134,0.5806570489344,0.1
135,0.66564,0.1
136,0.49230734400000004,0.1
137,0.6727401599999999,0.1
138,0.9,0.1
139,0.8256,0.1
140,0.49230734400000004,0.1
141,0.774,0.1
142,0.5724504,0.1
143,0.66564,0.1
144,0.66564,0.1
145,0.774,0.1
146,0.774,0.1
147,0.4975586223359999,0.1
148,0.774,0.1
149,0.66564,0.1
150,0.774,0.1
151,0.42,0.1
152,0.42,0.1
153,0.61061376,0.1
154,0.8256,0.1
155,0.66564,0.1
156,0.9,0.1
157,0.42338431584,0.1
158,0.49230734400000004,0.1
159,0.785096064,0.1
160,0.9,0.1
161,0.9096,0.1
162,0.774,0.1
163,0.774,0.1
164,0.42338431584,0.1
165,0.9096,0.1
166,0.66564,0.1
167,0.5724504,0.1
168,0.5724504,0.1
169,0.49230734400000004,0.1
170,0.6727401599999999,0.1
171,0.67518261504,0.1
172,0.9096,0.1
173,0.9,0.1
174,0.66564,0.1
175,0.66564,0.1
176,0.9,0.1
177,0.9,0.1
178,0.9096,0.1
179,0.66564,0.1
180,0.66564,0.1
181,0.9,0.1
182,0.9,0.1
183,0.9,0.1
184,0.9,0.1
185,0.42338431584,0.1
186,0.774,0.1
187,0.774,0.1
188,0.710016,0.1
189,0.66564,0.1
190,0.774,0.1
191,0.9,0.1
192,0.9,0.1
193,0.66564,0.1
194,0.4294539533918822,0.1
195,0.5724504,0.1
196,0.774,0.1
197,0.96384,0.1
198,0.49230734400000004,0.1
199,0.9,0.1
200,0.9,0.1
201,0.42338431584,0.1
202,0.9,0.1
203,0.66564,0.1
204,0.712856064,0.1
205,0.66564,0.1
206,0.9096,0.1
207,0.49230734400000004,0.1
208,0.9,0.1
209,0.9,0.1
210,0.49230734400000004,0.1
211,0.5806570489344,0.1
212,0.5088488707583999,0.1
213,0.49230734400000004,0.1
214,0.5724504,0.1
215,0.61305621504,0.1
216,0.9,0.1
217,0.774,0.1
218,0.66564,0.1
219,0.66564,0.1
220,0.774,0.1
221,0.9,0.1
222,0.5724504,0.1
223,0.66564,0.1
224,0.66564,0.1
225,0.774,0.1
226,0.785096064,0.1
227,0.66564,0.1
228,0.7289024256,0.1
229,0.774,0.1
230,0.9,0.1
231,0.9,0.1
232,0.774,0.1
233,0.4975586223359999,0.1
234,0.774,0.1
235,0.774,0.1
236,0.4975586223359999,0.1
237,0.66564,0.1
238,0.9,0.1
239,0.5724504,0.1
240,0.9096,0.1
241,0.774,0.1
242,0.9096,0.1
243,0.782256,0.1
244,0.774,0.1
245,0.5724504,0.1
246,0.782256,0.1
247,0.96,0.1
248,0.774,0.1
249,0.8256,0.1
250,0.66564,0.1
251,0.774,0.1
252,0.782256,0.1
253,0.5724504,0.1
254,0.774,0.1
255,0.66564,0.1
256,0.774,0.1
257,0.66564,0.1
258,0.9,0.1
259,0.66564,0.1
260,0.42338431584,0.1
261,0.5088488707583999,0.1
262,0.9096,0.1
263,0.9,0.1
264,0.66564,0.1
265,0.774,0.1
266,0.49230734400000004,0.1
267,0.710016,0.1
268,0.5785565375999999,0.1
269,0.774,0.1
270,0.782256,0.1
271,0.5251278336,0.1
272,0.66564,0.1
273,0.774,0.1
274,0.9096,0.1
275,0.49230734400000004,0.1
276,0.782256,0.1
277,0.774,0.1
278,0.49230734400000004,0.1
279,0.774,0.1
280,0.42,0.1
281,0.96,0.1
282,0.66564,0.1
283,0.782256,0.1
284,0.9,0.1
285,0.9,0.1
286,0.49230734400000004,0.1
287,0.96,0.1
288,0.5724504,0.1
289,0.9,0.1
290,0.774,0.1
291,0.9,0.1
292,0.5724504,0.1
293,0.61061376,0.1
294,0.9,0.1
295,0.61061376,0.1
296,0.782256,0.1
297,0.774,0.1
298,0.774,0.1
299,0.774,0.1
300,0.774,0.1
301,0.5724504,0.1
302,0.66564,0.1
303,0.5724504,0.1
304,0.9096,0.1
305,0.8256,0.1
306,0.66564,0.1
308,0.774,0.1
309,0.5088488707583999,0.1
310,0.9096,0.1
311,0.774,0.1
312,0.774,0.1
313,0.774,0.1
315,0.49230734400000004,0.1
316,0.5724504,0.1
317,0.6727401599999999,0.1
318,0.66564,0.1
319,0.5724504,0.1
320,0.42,0.1
321,0.774,0.1
322,0.66564,0.1
323,0.42,0.1
324,0.9,0.1
325,0.774,0.1
326,0.9096,0.1
327,0.5724504,0.1
328,0.5785565375999999,0.1
329,0.774,0.1
330,0.5724504,0.1
331,0.9129024,0.1
332,0.5785565375999999,0.1
333,0.66564,0.1
334,0.66564,0.1
335,0.774,0.1
336,0.774,0.1
337,0.774,0.1
338,0.8000063999999999,0.1
339,0.66564,0.1
340,0.9,0.1
341,0.774,0.1
342,0.6727401599999999,0.1
343,0.774,0.1
344,0.774,0.1
345,0.984,0.1
346,0.9096,0.1
347,0.5806570489344,0.1
348,0.42338431584,0.1
349,0.49230734400000004,0.1
350,0.9,0.1
351,0.5251278336,0.1
352,0.5724504,0.1
353,0.782256,0.1
354,0.774,0.1
355,0.4975586223359999,0.1
356,0.5816281909427011,0.1
357,0.774,0.1
358,0.774,0.1
359,0.785096064,0.1
360,0.49230734400000004,0.1
361,0.5724504,0.1
362,0.774,0.1
363,0.5724504,0.1
364,0.42,0.1
365,0.9,0.1
366,0.66564,0.1
367,0.9,0.1
368,0.42,0.1
369,0.5724504,0.1
370,0.774,0.1
371,0.9,0.1
372,0.66564,0.1
373,0.9,0.1
374,0.96,0.1
375,0.9,0.1
376,0.8000063999999999,0.1
377,0.5806570489344,0.1
378,0.9,0.1
379,0.66564,0.1
380,0.9096,0.1
381,0.49230734400000004,0.1
382,0.42338431584,0.1
383,0.9,0.1
384,0.774,0.1
385,0.9,0.1
386,0.5724504,0.1
387,0.9,0.1
388,0.5724504,0.1
389,0.9,0.1
390,0.774,0.1
391,0.66564,0.1
392,0.9,0.1
393,0.4975586223359999,0.1
394,0.9,0.1
395,0.6727401599999999,0.1
396,0.66564,0.1
397,0.4279004152089599,0.1
398,0.774,0.1
399,0.710016,0.1
400,0.9,0.1
401,0.774,0.1
402,0.49230734400000004,0.1
403,0.774,0.1
404,0.66564,0.1
405,0.49230734400000004,0.1
406,0.4975586223359999,0.1
407,0.66564,0.1
408,0.49230734400000004,0.1
409,0.774,0.1
410,0.5916847334399999,0.1
411,0.774,0.1
412,0.9,0.1
413,0.774,0.1
414,0.5724504,0.1
415,0.774,0.1
416,0.774,0.1
417,0.774,0.1
418,0.5724504,0.1
419,0.9096,0.1
420,0.66564,0.1
421,0.66564,0.1
422,0.5724504,0.1
423,0.9,0.1
424,0.9,0.1
425,0.774,0.1
426,0.9,0.1
427,0.6727401599999999,0.1
428,0.66564,0.1
429,0.9096,0.1
430,0.774,0.1
431,0.9,0.1
432,0.5724504,0.1
433,0.9129024,0.1
434,0.93024,0.1
435,0.49230734400000004,0.1
436,0.5724504,0.1
437,0.774,0.1
438,0.774,0.1
439,0.4279004152089599,0.1
440,0.9,0.1
441,0.9,0.1
442,0.710016,0.1
443,0.9,0.1
444,0.5724504,0.1
445,0.774,0.1
446,0.9096,0.1
447,0.5724504,0.1
448,0.9,0.1
449,0.774,0.1
450,0.9096,0.1
451,0.9096,0.1
452,0.5806570489344,0.1
453,0.9,0.1
454,0.774,0.1
455,0.782256,0.1
456,0.9,0.1
457,0.96384,0.1
458,0.5724504,0.1
459,0.42338431584,0.1
460,0.774,0.1
461,0.66564,0.1
462,0.774,0.1
463,0.49230734400000004,0.1
464,0.66564,0.1
465,0.9,0.1
466,0.5724504,0.1
467,0.774,0.1
468,0.774,0.1
469,0.5724504,0.1
470,0.786073046016,0.1
471,0.5724504,0.1
472,0.66564,0.1
473,0.96,0.1
474,0.66564,0.1
475,0.5785565375999999,0.1
476,0.42,0.1
477,0.774,0.1
478,0.9,0.1
479,0.774,0.1
480,0.9,0.1
481,0.774,0.1
482,0.42338431584,0.1
483,0.66564,0.1
484,0.96384,0.1
485,0.4975586223359999,0.1
486,0.49230734400000004,0.1
487,0.9,0.1
488,0.67602281957376,0.1
489,0.61061376,0.1
490,0.42,0.1
491,0.9096,0.1
492,0.66564,0.1
493,0.9,0.1
494,0.66564,0.1
495,0.9,0.1
496,0.6804338933759999,0.1
497,0.774,0.1
498,0.774,0.1
499,0.5279509208334335,0.1
500,0.42338431584,0.1
501,0.774,0.1
502,0.5724504,0.1
503,0.9,0.1
504,0.9096,0.1
505,0.9,0.1
506,0.9129024,0.1
507,0.66564,0.1
508,0.774,0.1
509,0.66564,0.1
510,0.66564,0.1
511,0.42,0.1
512,0.9,0.1
513,0.774,0.1
514,0.774,0.1
515,0.5724504,0.1
516,0.774,0.1
517,0.9096,0.1
518,0.66564,0.1
519,0.5724504,0.1
520,0.9,0.1
521,0.8000063999999999,0.1
522,0.774,0.1
523,0.774,0.1
524,0.774,0.1
525,0.42,0.1
526,0.774,0.1
527,0.9096,0.1
528,0.6727401599999999,0.1
529,0.49230734400000004,0.1
530,0.774,0.1
531,0.774,0.1
532,0.9,0.1
533,0.774,0.1
534,0.49230734400000004,0.1
535,0.5724504,0.1
537,0.9096,0.1
538,0.9,0.1
539,0.774,0.1
540,0.9129024,0.1
541,0.66564,0.1
542,0.774,0.1
543,0.9,0.1
544,0.9,0.1
545,0.774,0.1
546,0.5724504,0.1
547,0.774,0.1
548,0.5724504,0.1
549,0.67518261504,0.1
550,0.5724504,0.1
551,0.67518261504,0.1
552,0.9,0.1
553,0.93024,0.1
554,0.5088488707583999,0.1
555,0.774,0.1
556,0.93201537024,0.1
557,0.9,0.1
558,0.66564,0.1
559,0.9096,0.1
560,0.9,0.1
561,0.5724504,0.1
562,0.9,0.1
563,0.774,0.1
564,0.66564,0.1
565,0.66564,0.1
566,0.42,0.1
567,0.9200025599999999,0.1
568,0.9,0.1
569,0.9096,0.1
570,0.6727401599999999,0.1
571,0.774,0.1
572,0.9,0.1
573,0.66564,0.1
574,0.774,0.1
575,0.774,0.1
576,0.9,0.1
577,0.774,0.1
578,0.42338431584,0.1
579,0.66564,0.1
580,0.9,0.1
581,0.66564,0.1
582,0.9,0.1
583,0.66564,0.1
584,0.774,0.1
585,0.774,0.1
586,0.9,0.1
587,0.782256,0.1
588,0.5724504,0.1
589,0.9,0.1
594,0.710016,0.1
595,0.42,0.1
596,0.9,0.1
597,0.5724504,0.1
598,0.9,0.1
599,0.8256,0.1
600,0.66564,0.1
601,0.9129024,0.1
602,0.774,0.1
603,0.9,0.1
604,0.774,0.1
605,0.42,0.1
606,0.66564,0.1
607,0.5251278336,0.1
609,0.66564,0.1
610,0.66564,0.1
611,0.5785565375999999,0.1
612,0.782256,0.1
613,0.774,0.1
614,0.9096,0.1
615,0.774,0.1
616,0.6183074933759999,0.1
617,0.66564,0.1
618,0.774,0.1
619,0.42338431584,0.1
620,0.774,0.1
621,0.774,0.1
622,0.5806570489344,0.1
623,0.5724504,0.1
624,0.782256,0.1
625,0.9,0.1
626,0.42338431584,0.1
627,0.9,0.1
628,0.9,0.1
629,0.96384,0.1
630,0.5724504,0.1
631,0.9,0.1
632,0.49230734400000004,0.1
633,0.9,0.1
635,0.774,0.1
636,0.774,0.1
637,0.5724504,0.1
638,0.712856064,0.1
639,0.5724504,0.1
640,0.5251278336,0.1
641,0.42338431584,0.1
642,0.710016,0.1
643,0.9,0.1
644,0.5724504,0.1
645,0.5724504,0.1
646,0.9,0.1
647,0.9096,0.1
648,0.66564,0.1
650,0.9,0.1
651,0.9,0.1
652,0.774,0.1
653,0.782256,0.1
654,0.5785565375999999,0.1
655,0.49230734400000004,0.1
656,0.66564,0.1
657,0.42338431584,0.1
658,0.42338431584,0.1
659,0.782256,0.1
660,0.9,0.1
661,0.9,0.1
662,0.9096,0.1
663,0.710016,0.1
664,0.782256,0.1
665,0.49230734400000004,0.1
666,0.9,0.1
667,0.9096,0.1
668,0.49230734400000004,0.1
669,0.5088488707583999,0.1
670,0.774,0.1
671,0.774,0.1
672,0.5251278336,0.1
673,0.774,0.1
674,0.42,0.1
675,0.9,0.1
676,0.774,0.1
677,0.782256,0.1
678,0.774,0.1
679,0.9,0.1
680,0.9,0.1
681,0.66564,0.1
682,0.774,0.1
683,0.9,0.1
684,0.774,0.1
685,0.5785565375999999,0.1
686,0.710016,0.1
688,0.66564,0.1
689,0.8256,0.1
691,0.774,0.1
692,0.9,0.1
693,0.9,0.1
694,0.774,0.1
695,0.42338431584,0.1
696,0.5785565375999999,0.1
697,0.66564,0.1
698,0.66564,0.1
699,0.774,0.1
700,0.9,0.1
701,0.9,0.1
702,0.9096,0.1
703,0.9096,0.1
705,0.5272283449344,0.1
706,0.66564,0.1
707,0.9,0.1
708,0.9,0.1
709,0.9,0.1
710,0.774,0.1
711,0.5724504,0.1
712,0.9,0.1
713,0.9,0.1
714,0.782256,0.1
715,0.9,0.1
716,0.5724504,0.1
717,0.774,0.1
718,0.66564,0.1
719,0.66564,0.1
720,0.5724504,0.1
721,0.4975586223359999,0.1
722,0.9,0.1
723,0.45160993689600004,0.1
724,0.774,0.1
725,0.6727401599999999,0.1
726,0.9,0.1
727,0.774,0.1
728,0.774,0.1
729,0.6727401599999999,0.1
730,0.9,0.1
731,0.66564,0.1
732,0.9,0.1
733,0.9,0.1
734,0.66564,0.1
738,0.774,0.1
739,0.774,0.1
740,0.774,0.1
741,0.9096,0.1
742,0.8000063999999999,0.1
743,0.67518261504,0.1
744,0.713833046016,0.1
746,0.774,0.1
750,0.774,0.1
752,0.5785565375999999,0.1
755,0.774,0.1
756,0.9,0.1
758,0.5251278336,0.1
764,0.5724504,0.1
769,0.774,0.1
771,0.5724504,0.1
772,0.782256,0.1
773,0.49230734400000004,0.1
774,0.5785565375999999,0.1
776,0.4975586223359999,0.1
777,0.5724504,0.1
778,0.712856064,0.1
779,0.67518261504,0.1
781,0.9096,0.1
782,0.5724504,0.1
785,0.61061376,0.1
786,0.66564,0.1
787,0.9,0.1
788,0.9,0.1
789,0.774,0.1
790,0.42338431584,0.1
791,0.66564,0.1
793,0.49230734400000004,0.1
794,0.774,0.1
795,0.774,0.1
796,0.5785565375999999,0.1
797,0.5724504,0.1
798,0.774,0.1
799,0.49230734400000004,0.1
800,0.5785565375999999,0.1
803,0.66564,0.1
804,0.9096,0.1
805,0.9129024,0.1
806,0.66564,0.1
807,0.66564,0.1
808,0.774,0.1
809,0.66564,0.1
810,0.8256,0.1
811,0.774,0.1
813,0.66564,0.1
814,0.5724504,0.1
816,0.774,0.1
819,0.774,0.1
820,0.5785565375999999,0.1
821,0.782256,0.1
824,0.9,0.1
829,0.9,0.1
830,0.66564,0.1
832,0.67518261504,0.1
833,0.6727401599999999,0.1
834,0.5724504,0.1
837,0.9,0.1
838,0.4975586223359999,0.1
839,0.774,0.1
841,0.710016,0.1
843,0.61061376,0.1
846,0.710016,0.1
851,0.5724504,0.1
856,0.9,0.1
857,0.49230734400000004,0.1
858,0.66564,0.1
862,0.774,0.1
863,0.45160993689600004,0.1
878,0.5724504,0.1
886,0.66564,0.1
887,0.774,0.1
888,0.774,0.1
910,0.774,0.1
912,0.712856064,0.1
913,0.42,0.1
914,0.9,0.1
